{"batchSize": 32, "epochsNo": 5, "learningRates": [3.0000000000000004e-05, 2.6000000000000002e-05, 2.2000000000000003e-05, 1.8e-05, 1.4e-05, 1e-05], "epochs": {"1": {"AvgTrainLoss": 0.6911665888933035, "AvgEvalLoss": 0.6220296323299408, "MatthewsCoef": 0.367572937554749}, "2": {"AvgTrainLoss": 0.5677903134089249, "AvgEvalLoss": 0.5169095247983932, "MatthewsCoef": 0.512557730065456}, "3": {"AvgTrainLoss": 0.37613472457115465, "AvgEvalLoss": 0.4577453136444092, "MatthewsCoef": 0.6043672230190352}, "4": {"AvgTrainLoss": 0.2165448092497312, "AvgEvalLoss": 0.5087857395410538, "MatthewsCoef": 0.5204164998665332}, "5": {"AvgTrainLoss": 0.12770061567425728, "AvgEvalLoss": 0.515051182359457, "MatthewsCoef": 0.6078306738548308}}}
{"batchSize": 32, "epochsNo": 5, "learningRates": [3.0000000000000004e-05, 2.6000000000000002e-05, 2.2000000000000003e-05, 1.8e-05, 1.4e-05, 1e-05], "epochs": {"1": {"AvgTrainLoss": 0.6873605251312256, "AvgEvalLoss": 0.6243113875389099, "MatthewsCoef": 0.3746343246326776}, "2": {"AvgTrainLoss": 0.5581014798237727, "AvgEvalLoss": 0.5247362181544304, "MatthewsCoef": 0.4763834872675867}, "3": {"AvgTrainLoss": 0.3903195101481218, "AvgEvalLoss": 0.44465432316064835, "MatthewsCoef": 0.582921932850343}, "4": {"AvgTrainLoss": 0.2654300985428003, "AvgEvalLoss": 0.43034443259239197, "MatthewsCoef": 0.6004805767690767}, "5": {"AvgTrainLoss": 0.15132505160111648, "AvgEvalLoss": 0.5165480524301529, "MatthewsCoef": 0.6123724356957946}}}