{"batchSize": 32, "epochsNo": 5, "learningRates": [5e-05, 4.4000000000000006e-05, 3.8e-05, 3.2000000000000005e-05, 2.6000000000000002e-05, 2e-05], "epochs": {"1": {"AvgTrainLoss": 0.6127843398314256, "AvgEvalLoss": 0.4880681410431862, "MatthewsCoef": 0.4763834872675867}, "2": {"AvgTrainLoss": 0.5416283836731544, "AvgEvalLoss": 0.4659385085105896, "MatthewsCoef": 0.48914032156798043}, "3": {"AvgTrainLoss": 0.2978490006465178, "AvgEvalLoss": 0.46505773812532425, "MatthewsCoef": 0.5768599504012304}, "4": {"AvgTrainLoss": 0.16035078666531122, "AvgEvalLoss": 0.42994098365306854, "MatthewsCoef": 0.5673086289311755}, "5": {"AvgTrainLoss": 0.07928929793146941, "AvgEvalLoss": 0.4935615286231041, "MatthewsCoef": 0.582921932850343}}}
{"batchSize": 32, "epochsNo": 5, "learningRates": [5e-05, 4.4000000000000006e-05, 3.8e-05, 3.2000000000000005e-05, 2.6000000000000002e-05, 2e-05], "epochs": {"1": {"AvgTrainLoss": 0.6485079435201792, "AvgEvalLoss": 0.483012855052948, "MatthewsCoef": 0.48349377841522817}, "2": {"AvgTrainLoss": 0.4635712137589088, "AvgEvalLoss": 0.38212405145168304, "MatthewsCoef": 0.560448538317805}, "3": {"AvgTrainLoss": 0.26948278741194653, "AvgEvalLoss": 0.38531584292650223, "MatthewsCoef": 0.6180642325727469}, "4": {"AvgTrainLoss": 0.09246049706752484, "AvgEvalLoss": 0.4609121223911643, "MatthewsCoef": 0.5535623484706925}, "5": {"AvgTrainLoss": 0.016188762831286743, "AvgEvalLoss": 0.6787623313721269, "MatthewsCoef": 0.5833333333333334}}}
{"batchSize": 32, "epochsNo": 5, "learningRates": [5e-05, 4.4000000000000006e-05, 3.8e-05, 3.2000000000000005e-05, 2.6000000000000002e-05, 2e-05], "epochs": {"1": {"AvgTrainLoss": 0.6127843398314256, "AvgEvalLoss": 0.4880681410431862, "MatthewsCoef": 0.4763834872675867}, "2": {"AvgTrainLoss": 0.5416283836731544, "AvgEvalLoss": 0.4659385085105896, "MatthewsCoef": 0.48914032156798043}, "3": {"AvgTrainLoss": 0.2978490006465178, "AvgEvalLoss": 0.46505773812532425, "MatthewsCoef": 0.5768599504012304}, "4": {"AvgTrainLoss": 0.16035078666531122, "AvgEvalLoss": 0.42994098365306854, "MatthewsCoef": 0.5673086289311755}, "5": {"AvgTrainLoss": 0.07928929793146941, "AvgEvalLoss": 0.4935615286231041, "MatthewsCoef": 0.582921932850343}}}
{"batchSize": 32, "epochsNo": 5, "learningRates": [5e-05, 4.4000000000000006e-05, 3.8e-05, 3.2000000000000005e-05, 2.6000000000000002e-05, 2e-05], "epochs": {"1": {"AvgTrainLoss": 0.6485079435201792, "AvgEvalLoss": 0.483012855052948, "MatthewsCoef": 0.48349377841522817}, "2": {"AvgTrainLoss": 0.4635712137589088, "AvgEvalLoss": 0.38212405145168304, "MatthewsCoef": 0.560448538317805}, "3": {"AvgTrainLoss": 0.26948278741194653, "AvgEvalLoss": 0.38531584292650223, "MatthewsCoef": 0.6180642325727469}, "4": {"AvgTrainLoss": 0.09246049706752484, "AvgEvalLoss": 0.4609121223911643, "MatthewsCoef": 0.5535623484706925}, "5": {"AvgTrainLoss": 0.016188762831286743, "AvgEvalLoss": 0.6787623313721269, "MatthewsCoef": 0.5833333333333334}}}

{"batchSize": 32, "epochsNo": 5, "learningRates": [3.0000000000000004e-05, 2.6000000000000002e-05, 2.2000000000000003e-05, 1.8e-05, 1.4e-05, 1e-05], "epochs": {"1": {"AvgTrainLoss": 0.6593765616416931, "AvgEvalLoss": 0.5628297030925751, "MatthewsCoef": 0.6078306738548308}, "2": {"AvgTrainLoss": 0.5180108753534464, "AvgEvalLoss": 0.45487362891435623, "MatthewsCoef": 0.6123724356957946}, "3": {"AvgTrainLoss": 0.36323236043636614, "AvgEvalLoss": 0.38221700489521027, "MatthewsCoef": 0.6231234454607114}, "4": {"AvgTrainLoss": 0.22845768355406249, "AvgEvalLoss": 0.40753475576639175, "MatthewsCoef": 0.6405126152203485}, "5": {"AvgTrainLoss": 0.13885246188594744, "AvgEvalLoss": 0.40717758797109127, "MatthewsCoef": 0.625}}}
{"batchSize": 32, "epochsNo": 5, "learningRates": [3.0000000000000004e-05, 2.6000000000000002e-05, 2.2000000000000003e-05, 1.8e-05, 1.4e-05, 1e-05], "epochs": {"1": {"AvgTrainLoss": 0.6678034892449012, "AvgEvalLoss": 0.6239150017499924, "MatthewsCoef": 0.38624363966821407}, "2": {"AvgTrainLoss": 0.5706376823095175, "AvgEvalLoss": 0.48513198643922806, "MatthewsCoef": 0.5416666666666666}, "3": {"AvgTrainLoss": 0.4492657918196458, "AvgEvalLoss": 0.3859289884567261, "MatthewsCoef": 0.560448538317805}, "4": {"AvgTrainLoss": 0.33711578525029695, "AvgEvalLoss": 0.3577214479446411, "MatthewsCoef": 0.6}, "5": {"AvgTrainLoss": 0.2509587063239171, "AvgEvalLoss": 0.42437539249658585, "MatthewsCoef": 0.5833333333333334}}}
{"batchSize": 32, "epochsNo": 5, "learningRates": [3.0000000000000004e-05, 2.6000000000000002e-05, 2.2000000000000003e-05, 1.8e-05, 1.4e-05, 1e-05], "epochs": {"1": {"AvgTrainLoss": 0.6678034892449012, "AvgEvalLoss": 0.6239150017499924, "MatthewsCoef": 0.38624363966821407}, "2": {"AvgTrainLoss": 0.5706376823095175, "AvgEvalLoss": 0.48513198643922806, "MatthewsCoef": 0.5416666666666666}, "3": {"AvgTrainLoss": 0.4492657918196458, "AvgEvalLoss": 0.3859289884567261, "MatthewsCoef": 0.560448538317805}, "4": {"AvgTrainLoss": 0.33711578525029695, "AvgEvalLoss": 0.3577214479446411, "MatthewsCoef": 0.6}, "5": {"AvgTrainLoss": 0.2509587063239171, "AvgEvalLoss": 0.42437539249658585, "MatthewsCoef": 0.5833333333333334}}}

{"batchSize": 64, "epochsNo": 5, "learningRates": [3.0000000000000004e-05, 2.6000000000000002e-05, 2.2000000000000003e-05, 1.8e-05, 1.4e-05, 1e-05], "epochs": {"1": {"AvgTrainLoss": 0.6812860539981297, "AvgEvalLoss": 0.6211816966533661, "MatthewsCoef": 0.4540606875676311}, "2": {"AvgTrainLoss": 0.6046626738139561, "AvgEvalLoss": 0.5686831474304199, "MatthewsCoef": 0.48007935851918326}, "3": {"AvgTrainLoss": 0.5210775307246617, "AvgEvalLoss": 0.48940350115299225, "MatthewsCoef": 0.560448538317805}, "4": {"AvgTrainLoss": 0.46044171282223295, "AvgEvalLoss": 0.4592073857784271, "MatthewsCoef": 0.6004805767690767}, "5": {"AvgTrainLoss": 0.3752933612891606, "AvgEvalLoss": 0.44127462804317474, "MatthewsCoef": 0.5810468272831243}}}
{"batchSize": 64, "epochsNo": 5, "learningRates": [3.0000000000000004e-05, 2.6000000000000002e-05, 2.2000000000000003e-05, 1.8e-05, 1.4e-05, 1e-05], "epochs": {"1": {"AvgTrainLoss": 0.6675714084080288, "AvgEvalLoss": 0.599828451871872, "MatthewsCoef": 0.4387862045841156}, "2": {"AvgTrainLoss": 0.5593462586402893, "AvgEvalLoss": 0.5165730118751526, "MatthewsCoef": 0.582921932850343}, "3": {"AvgTrainLoss": 0.46580406171934946, "AvgEvalLoss": 0.4664471745491028, "MatthewsCoef": 0.5896306675376274}, "4": {"AvgTrainLoss": 0.37498841541154043, "AvgEvalLoss": 0.43596453964710236, "MatthewsCoef": 0.560448538317805}, "5": {"AvgTrainLoss": 0.29167221912315916, "AvgEvalLoss": 0.44319748878479004, "MatthewsCoef": 0.5489664835695152}}}
{"batchSize": 64, "epochsNo": 5, "learningRates": [3.0000000000000004e-05, 2.6000000000000002e-05, 2.2000000000000003e-05, 1.8e-05, 1.4e-05, 1e-05], "epochs": {"1": {"AvgTrainLoss": 0.6675714084080288, "AvgEvalLoss": 0.599828451871872, "MatthewsCoef": 0.4387862045841156}, "2": {"AvgTrainLoss": 0.5593462586402893, "AvgEvalLoss": 0.5165730118751526, "MatthewsCoef": 0.582921932850343}, "3": {"AvgTrainLoss": 0.46580406171934946, "AvgEvalLoss": 0.4664471745491028, "MatthewsCoef": 0.5896306675376274}, "4": {"AvgTrainLoss": 0.37498841541154043, "AvgEvalLoss": 0.43596453964710236, "MatthewsCoef": 0.560448538317805}, "5": {"AvgTrainLoss": 0.29167221912315916, "AvgEvalLoss": 0.44319748878479004, "MatthewsCoef": 0.5489664835695152}}}

{"batchSize": 64, "epochsNo": 5, "learningRates": [5e-05, 4.4000000000000006e-05, 3.8e-05, 3.2000000000000005e-05, 2.6000000000000002e-05, 2e-05], "epochs": {"1": {"AvgTrainLoss": 0.6647462674549648, "AvgEvalLoss": 0.6122995018959045, "MatthewsCoef": 0.3640728218472825}, "2": {"AvgTrainLoss": 0.5187154241970607, "AvgEvalLoss": 0.46481695771217346, "MatthewsCoef": 0.6004805767690767}, "3": {"AvgTrainLoss": 0.37360834649630953, "AvgEvalLoss": 0.4189554899930954, "MatthewsCoef": 0.5801160348116041}, "4": {"AvgTrainLoss": 0.22764106201274054, "AvgEvalLoss": 0.44286736845970154, "MatthewsCoef": 0.6231234454607114}, "5": {"AvgTrainLoss": 0.12629516422748566, "AvgEvalLoss": 0.4896618723869324,